List of religious organizations,251
Jubilee (Christian),160
Bodhisattva,891
Divine healing,1431
Patron saint,1032
Arianism,1650
Zoroaster,2280
Genie,2521
Second Great Awakening,1347
Christology,1235
Vatican Hill,143
Purgatory,3070
Shamanism,3918
Supreme Pontiff,4931
Extra Ecclesiam Nulla Salus,475
Incarnation,550
Raelism,2141
Vibhuti,228
Pontiff,213
Metropolitan bishop,187
Monophysitism,290
Catholic Apostolic Church,259
Eternal Marriage,340
Hymn,703
Altar,742
Gnosticism,3103
Ara Pacis,412
Amazing Grace,2167
Spirituality,2442
Tipitaka,407
Neo-druidism,841
Tibetan Buddhism,2156
List of Patriarchs of Constantinople,310
Jewish view of marriage,1024
Azazel,979
Imperial cult,310
Tetragrammaton,1313
Pontifex Maximus,644
Concordat,374
Salvation,2036
List of Messianic Jewish organizations,199
Anglican continuing churches,716
Brahma Kumaris,3095
Biblical Sabbath,355
Passover,3587
Vetus Latina,118
List of articles about Mormonism,703
Resurrection,1593
Flying Spaghetti Monster,7860
Messianic Judaism,4900
Scottish Episcopal Church,502
Suitheism,522
Tanakh,1289
Eucharist,4369
Latin Rite,448
Baal teshuva,601
Monastery,1224
Role of women in Judaism,774
Involution (esoterism),179
Assumption of Mary,1137
Religious pluralism,1035
Rama,2219
Apocrypha,1204
Religious cosmology,369
Episcopal Church in Jerusalem and the Middle East,126
Business ethics,1980
Sect,399
Michael (archangel),3665
613 Mitzvot,643
Hinduism,12488
Homeric hymns,126
List of people by belief,233
Orthodoxy,655
Filioque clause,2980
Roman mythology,2160
Maimonides,1875
Balor,205
Sumerian mythology,360
Biblical poetry,166
Backward message,1931
Massacre of the Innocents,1002
Perpetual virginity of Mary,975
Trinitarianism,5268
Methods of divination,282
Goddess worship (disambiguation),224
Arguments against the existence of God,3208
Holy See,1029
Zen,4362
Western Orthodoxy,319
Humanism,4105
Holy water,889
Masoretic text,550
Sadducee,862
List of sutras,300
Hasidim (disambiguation),36
Divine providence,460
Moses,4824
Twelve apostles,2492
Saturnalia,1017
Isaac,1944
Sikhism,6250
Tathagatagarbha doctrine,769
List of spirituality-related topics,328
Peace,3518
Manichaeism,1620
Eastern Orthodox Church organization,407
Rebbe,671
Asherah,579
Autocephaly,168
Old English Bible translations,102
Millennialism,403
Iguvine Tables,310
East–West Schism,3068
Western Wall,2279
Primacy of the Roman Pontiff,961
Rationalism,802
Great Apostasy,946
Religious Humanism,261
Shappatum,35
Merkabah,425
Theism,1151
Wheel of the Year,636
Justification (theology),884
Balaam,339
List of Hinduism-related articles,294
History of Christianity,3996
Pauline Christianity,666
Doctor of the Church,606
Conversational intolerance,2034
Kohen,1270
Anointing of the Sick,604
End of the world (religion),1517
Clergy,918
Church planting,449
Repentance,342
Gospel of John,3213
Permanent deacon,829
List of saints,2464
All saints (disambiguation),139
Jews for Jesus,1999
Masorti,209
Christian Identity,1009
Homosexuality and morality,1600
Anointing,382
Sunnah,842
Church militant and church triumphant,89
Infidel,1079
Catholic Church against war on Iraq,728
Pearl of Great Price (Mormonism),191
Persian religions,99
List of Bible stories,69
Westminster Confession of Faith,228
Hebrew Bible,965
Calendar,1362
Leviticus,981
Gospel of Mark,2662
Jesus as Christ and Messiah,1060
Shiite,8055
Exorcism,2254
Week,1231
Hebrew language,4470
Samael,846
Closed communion,211
Holy Day of Obligation,508
Second Coming,2762
Secular Humanism,1717
Torah study,326
Arathi,29
History of ancient Israel and Judah,3675
Altar boy,436
Brigham Young,2133
Legalism (theology),327
Mithraism,2738
List of Cathedrals,1812
Expository preaching,196
Diocese,474
Idolatry,1487
Mishnah,919
Gabriel,2572
Norse mythology,3132
History of Islam,3522
Biblical maximalism,1748
Saturday,1119
Islam and anti-Semitism,3442
Yahweh,3971
Pāli,923
Sacred Heart,723
Spirit,805
Hasidism,2044
Holy Orders,937
Mitzvah,346
Ambarvalia,39
Vatican City,5444
Sabbath School,73
Transubstantiation,1497
Deacon,829
Mussar Movement,374
Qur'an,7433
James the Just,1431
John Wimber,351
Episcopal see,128
The Golden Bough,517
Divine simplicity,221
Sacramental index,4
Dispensationalism,1756
Satan,7077
Jewish Theological Seminary of America,502
Magus,890
Trimurti,712
Balam (demon),56
Esbat,90
List of Jain temples,388
Acts of Pilate,103
Lupercalia,411
Raja Yoga,580
Religion and abortion,1806
Millerites,388
Karma,2536
Jehovah's Witnesses and the Holocaust,367
One Holy Catholic and Apostolic Church,394
Mikvah,540
Canons of Dort,77
Pilgrim's Progress,1149
Magic (religion),288
Sacrifice,1052
Jewish eschatology,592
Upanishad,1888
Moral community,30
Mourning,511
Trinity,5268
Stations of the Cross,1187
Sky Father,183
Secondary conversion,29
Ashkenazi,3182
College of Pontiffs,114
Imam,739
Vineyard Movement,554
Day of the Vow,211
Sydney Anglicans,803
Episcopal Church in the United States of America,2998
The problem of evil,2624
Latria,113
Dharma,1782
Hell,4683
Sanctification,494
Ifá,448
List of founders of major religions,1164
Hagiography,296
Asmodai,591
Impiety,65
Talmud,3209
Integral thought,141
Hiram Abiff,421
Mass (liturgy),1617
Socinianism,183
Sacramental character,37
Orthodox Bahá'í Faith,252
Yeshiva University,864
Athanasian Creed,396
Rabbi,1557
Rabbinic literature,268
Holy Prepuce,502
Haruspex,220
Catechism of the Catholic Church,455
Superstition,1754
Indulgence,902
Orthodox Judaism,1590
Historical episcopate,28
Cherub,764
"Joseph Smith, Jr",12455
Thirty-Nine Articles,457
Presbyterian,1917
Probabilism,92
Intercommunion,307
Dramatic portrayals of Jesus Christ,768
Dogma,767
Buddhism,13892
Psalm,1393
Transfiguration (disambiguation),45
Minor orders,111
Latter Rain Movement (disambiguation),14
Polytheistic reconstructionism,375
Jewish holidays,1285
Moriah,197
Lilith,2918
Inquisition,2208
Fallen angel,1666
Astrology,8289
Papal election,1125
Korban,448
Theodicy,1257
Wicca,7388
Oriental Orthodoxy,984
Witches' Sabbath,287
Emerging Church,3380
Apostolic Succession,1526
Cantor (church),104
Ishmael,1711
Robert Bellarmine,620
Demon,2815
Soul sleep,596
Messiah,2809
The Ten Gurus of Sikhism,402
Spiritism,1129
Baptism for the dead,823
Hermoea,4418
Pietism,300
Vespers,292
Sabbath in Christianity,2043
Sabbath mode,87
Sunni,3698
Pythagoras,5202
Earth religion,48
The Urantia Book,2317
Muhammad,17878
Prayer for the dead,252
Christian anarchism,3110
Religion in Germany,972
List of Patriarchs of Antioch,215
King-James-Only Movement,1304
Pange Lingua (disambiguation),7
Hellenistic religion,125
Pope,4931
Third Wave of the Holy Spirit,40
The Bible and history,1748
Apostolic See,206
The Enlightenment,6004
Mahayana,1581
Papal Infallibility,1274
B'nai Noach,378
Theravada,1773
God and gender (disambiguation),9
Sacred king,155
Chayot,73
Tallit,721
Papal bull,388
Jewish services,918
Henotheism,707
Congregation of Christian Brothers,962
Plural Marriage (Mormonism),1236
Doctrine,360
Sacraments (Catholic Church),1221
Breviary,316
Religious intolerance,412
Cathedral,1492
Restorationism (Christian primitivism),1123
Christian fundamentalism,1610
Magic (paranormal),3045
Religious conversion,1846
Ethics,3203
Trinitarian formula,182
Easter,5623
Heresy,1372
Nicene Creed,1746
Jesus in the Christian Bible,618
Three Wise Men,2087
Aeon,483
Parousia,111
Canon (priest),224
Major orders,49
Religion in ancient Greece,1817
Institute of the Brothers of the Christian Schools,183
Natural theology,362
Ash Wednesday,1617
Dominion Theology,200
Christian eschatology,1633
Anglo-Catholicism,700
List of monasteries dissolved by Henry VIII of England,266
Christian Peacemaker Teams,219
Calendar of saints,546
Modern Orthodox Judaism,1032
Increase Mather,449
Puritan,4185
Vatican II,1997
Miracle,1702
Sukkot,1519
Free Church of Scotland (disambiguation),11
High Sabbaths,43
List of Di Indigetes,191
Bahá'u'lláh,2511
Translation (religion),114
Adam and Eve,4043
Eastern Orthodox,7055
Jubilee (Biblical),193
Saint,2769
Tosefta,127
Free will,3347
Orthodox Christian Mission Center,21
Political religion,307
Anti-Zionism,4015
Papal Tiara,1093
Aztec mythology,1046
Buddha-nature,769
Altar server,436
Scofield Reference Bible,100
Conditional baptism,54
Unitarian Universalist Association,297
West African Vodun,1328
The problem of Hell,802
Eastern Christianity,635
Holy card,75
Pentateuch,3315
Carmen Saliare,52
Christian anti-Semitism,1374
Israel,16004
Marriage,7648
Brahmin,5592
Folk religion,354
Epiclesis,159
Auspice,119
Reform Judaism,979
Shmita,429
Whore of Babylon,1569
Chinese house church,137
Sabbath economics,21
Meforshim,268
Islamism,3334
Papal Coronation,384
Islam and Judaism,1718
Religion and homosexuality,1600
Roman Catholic Church sex abuse allegations,5206
Antediluvian,388
Christian-Jewish reconciliation,292
Deuterocanonical books,673
Vishnu,3026
Revelation,1279
Heaven,3883
Geneva Bible,282
Purim,1774
Scientology In Australia,430
Seal of the Prophets,270
Bakkah,352
Judaism,6795
Sodom and Gomorrah,1982
List of names for the Biblical nameless,441
Mephistopheles,1040
Nontheistic religions,50
Fall (religion),797
Arul Nool,69
Omniscience,682
Tract (liturgy),25
Projects working for peace among Israelis and Arabs,412
Quietism,56
List of Greek mythological characters,5492
Christian theological controversy,212
Arab anti-semitism,1214
List of popes,2751
Rosh Hashanah,1784
Tawhid,1028
Holy Living and Holy Dying,22
Crypto-Judaism,635
Panentheism,804
Angels of the zodiac,3061
Gersonides,249
Philosophy of religion,782
Territorial Spirits,110
Emanationism,180
Leviathan,2105
Alleged textual evidence for Jesus,5150
Ancestor-worship,246
Religious studies,485
Harrowing of Hell,538
Veneration,233
Omen,447
Kollel,226
Lay Reader,55
Zoroastrianism,4165
Iconoclasm,880
Romans road,943
Pantheism,2431
Christian Science,3118
Kairos retreat,372
Irreligion,883
Anatta,1143
Ancient of Days,181
Sabbath in seventh-day churches,312
List of Biblical names,888
Akhenaton,2926
Devil,3524
Haredi Judaism,1623
Righteousness,290
Roger Williams (theologian),2015
Uposatha,169
Resurrection of Jesus,3419
Liturgical hymn,403
Proto-Indo-European religion,914
Sacrament,1150
Presbyterian Church,1917
Comparative religion,524
Religious ecstasy,191
Bible translations,1163
List of Islamic terms in Arabic,1870
Blessed Sacrament,160
Bodhi,546
Bahá'í calendar,439
Suburbicarian diocese,107
Requiem,1256
Limited atonement,333
Old Testament,2518
Charismatic (movement),798
Religious persecution,751
Icon,1564
Crucifixion,3040
Book of Mormon,6594
Cambridge Declaration,123
Baptism,4776
Jesus,24767
Babylonian calendar,169
Divination,739
Viruses of the Mind,137
Ecclesial communities contrasted,301
Psilanthropism,93
Sephardi,2060
Herem (priestly gift),74
Blood libel,1593
Theology,1686
Harran,459
Religious aspects of marriage,7648
Philistine,1191
Port-Royal-des-Champs,97
Counter-Reformation,1147
Book of Exodus,1782
Monasticism,837
Supersessionism,1190
List of Jesus-related articles,99
Sede vacante,220
Laity,430
Lector,94
Total depravity,457
Paul of Tarsus,7681
Slain in the Spirit,172
Synagogue,2146
Temple in Jerusalem,1866
Second Vatican Council,1997
Herem (censure),248
Cult (religion),271
Altar rails,67
Ascetic,1053
Ásatrú,1829
Human sacrifice,1803
Romanian Orthodox Church,668
Sarah,2356
Charles Wesley,419
Midrash,345
Praxis (Orthodox),49
Prophet,2051
Sermon on the Mount,1197
Bhakti movement,339
Baal,1022
Mount Sinai,726
Transitional deacon,27
Eritrean Orthodox Church,322
Light Upon Light,54
Rhema,175
Xmas,755
Báb,1064
Islamic view of Jesus,3033
Faith,2607
Goddess,1605
Five Pillars of Islam,5283
Anabaptist,1429
Jerusalem,10199
Baptism of the Holy Spirit,558
Ecclesia (sociology of religion),198
Fetishism,473
Seven-day week,251
Curse,882
Latrocinium,55
Apocatastasis,513
Sirat Rasul Allah,425
Gautama Buddha,4266
Herem (war or property),109
Covenanter,204
Criticism of religion,2813
Parentalia,117
Maronite,166
Flirty Fishing,151
Ascension of Jesus Christ,1039
Sephardic Judaism,615
Papal States,614
King James Version of the Bible,2750
Deuteronomy,1302
Dogmatic definition,101
Numinous,217
Cathedral architecture,1085
Jewish principles of faith,778
Crusade,6544
Patron god,191
Priest,1797
Mysticism,2195
Lutheran Church,3815
Biblical inerrancy,1683
Beatific vision,150
Umbanda,476
Holy Synod,84
Religion in India,1120
Biblical canon,2962
Surat Shabd Yoga,348
Shofar,678
Druidry,841
Greek mythology,6244
Divine Liturgy,310
The Varieties of Religious Experience,129
Articles of Faith,209
Books of the Bible,1034
Meditation,5532
Phronema,26
Number of the Beast (numerology),5505
Communion (disambiguation),140
Abrahamic religion,4444
Shavuot,737
Thealogy,261
New moon,842
Discordianism,1891
Godhead (Christianity),131
Forgiveness,1431
Restoration (Mormonism),127
Supernatural,1668
Ecumenical,823
Shabbat (Talmud),32
Spiritual (music),609
Esoteric cosmology,148
Sabellianism,309
Nasheed,229
Order of the Solar Temple,307
Succubus,1798
Reconstructionist Judaism,466
Divine grace,195
Unitarian Universalism,2006
Atonement,59
Pelagianism,374
Ecumenical council,1069
List of Ayyavazhi-related articles,67
Aten,501
Louisiana Voodoo,516
Theoria,1226
Carmelites,617
Arminianism,932
Krishna,5040
Nirvana (Jainism),34
Siddur,395
Scapegoat,55
Moloch,929
Yom Kippur,2200
Methodism,2316
Universi Dominici Gregis,82
Chosen people,535
Coptic Christianity,1780
Islamic calendar,2512
Rabbinical Assembly,83
Economy (Eastern Orthodoxy),99
Tutelary (disambiguation),5
Apostles' Creed,1578
Death worship,300
Kenosis,264
Ecclesiology,318
Yeshua (name),828
Confirmation (sacrament),1488
Douai Bible,459
Cotton Mather,986
Christmas,9301
new,232
Egyptian mythology,162
Cardinal (Catholicism),1128
Westminster Larger Catechism,44
Full communion,307
Canon law,547
John Wesley,1695
Wahhabi,3980
Archbishop,452
Brethren of the Common Life,106
Gregorian chant,1325
Pharisee,1803
Ahn Shi Il,3299
Omnipotence,823
Organizational structure of Jehovah's Witnesses,945
Confession (religion),853
Holy Inquisition,2208
Bhakti,721
Sedevacantism,970
List of Jain topics,68
Continuous revelation,135
Communion of Saints,177
Confucianism,4649
List of theological demons,2172
Christian mythology,1062
Ishta-Deva,297
Edgardo Mortara,480
Marian apparition,1485
Unitarianism,1998
Jehovah's Witnesses,18563
Jew,8180
Chalcedonian Creed,110
Bible,7561
List of religions and spiritual traditions,3842
Pow-wow (folk magic),85
Signs and Wonders,40
Toward the Light,122
Vulgate,1148
Utopianism,4339
Christian tradition,108
Seir,47
Pali canon,692
Dominus Iesus,189
Abolitionism,3513
List of Muslims,275
Documentary hypothesis,1476
Shabbos goy,141
Ex cathedra,1274
Covenant theology,524
Bar mitzvah,2353
Dominican Order,1171
Early Christianity,3988
Funeral,1599
Hail Mary,1036
Jonathan Edwards (theology),1515
Early Muslim philosophy,782
The nature of God in Western theology,136
Reverence (emotion),143
Neopaganism,2031
Priesthood (Mormonism),396
Covenant (religion),50
Civil religion,293
Clerical celibacy,675
Beelzebub,1242
Temple,1364
Shinto,3005
Thai lunar calendar,276
Yeshiva,652
Posek,324
Hebrew Calendar,2123
Lay presidency,25
Last Judgment,1099
House church,724
Church (disambiguation),811
Thomas Cajetan,147
Original sin,1707
Religion in the United States,3225
1689 Baptist Confession of Faith,158
Christianity and Judaism,1908
Septuagint,1702
First Vatican Council,349
Holocaust theology,461
Vajrayana,1468
Simony,246
Rastafari movement,6847
Saint Peter,5610
Congregationalist polity,340
RHEMA Bible Training Center,714
Epiphany (feast),1630
Metrical psalter,200
Catholic ministers,191
Anthropomorphism,1716
Catechism,527
Monotheism,2865
Western Schism,458
Prevenient grace,195
Heterodoxy,200
Anti-Arab,1753
Liturgical colours,538
Isaiah,1266
Protestantism,4393
Bishop,1577
Tefillin,1174
The White Goddess,217
Religious denomination,288
Magnificat,435
Shrines to the Virgin Mary,644
Halakha,1325
Iconostasis,266
Fratres Arvales,55
Devil's Advocate,431
Book of Genesis,3518
Worship dance,67
Excommunication,1419
Acolyte,272
Predestination,1106
Dabru Emet,68
Brahma (god),1558
Sacred Tradition,196
Yeshu,1454
Shiva,5450
Nirvana (concept),2696
Totemism,89
Demigod,620
Agnostic Theism,395
Anglicanism,3401
Skepticism,1320
Five solas,350
Comparing Eastern and Western religious traditions,524
Myths and legends surrounding the Papacy,242
Presbytery (sacred architecture),225
Practices of Jehovah's Witnesses,853
Catholic Church,23047
Arguments for the existence of God,3208
Holy Spirit,2829
Jumu'ah,339
Lucifer,3947
Full Gospel,82
History of the English Bible,419
Liturgical Year,1236
Sacred language,375
Sutra,300
Prayer,2598
Fleur de lys,2596
Sermon,440
Prakrit,258
List of deities,1689
College of Cardinals,1240
Anglican views of homosexuality,650
Nestorianism,699
Antichrist,4986
Marcionism,556
Religion in Ancient Rome,2491
Augustinians,1627
Taoism,6767
Psalms of Asaph,67
Kingdom of Israel (Samaria),886
Doctrine and Covenants,428
Pre-existence,324
Great Bible,102
Brahman,1664
Ramadan,5294
Chrismation,123
Seder (disambiguation),66
Fideism,389
Liberal Judaism,150
Chicago Statement on Biblical Inerrancy,77
Karaites,14
Shabbat,1703
United Synagogue of Conservative Judaism,74
Theosis,1116
Emergency baptism,63
Moravian Church,787
Ayyavazhi mythology,298
Jewish fundamentalism,193
Born again (Christianity),1321
Glossolalia,1734
Candomblé,503
Mary Baker Eddy,964
Demonology,915
Brit milah,1135
Benedictine,584
Gospel of Matthew,2970
Intelligent design,12765
Bishops' Bible,103
Apatheism,382
Mosque,4231
Eschatology,1517
Kairos,405
Sanskrit,3722
Tripitaka,407
Marian apparitions,1485
Binding of Isaac,737
Spiritual possession,649
Ayyavazhi,1922
Child sacrifice,344
List of Christian denominations,3462
Dajjal,1766
Dead Sea scrolls,3887
Zionism,7843
Patriarch,654
List of Jains,971
Congregationalist church,648
Hyper-Calvinism,489
Catholic King,82
Persecution of Christians,3201
Sacred text,1259
Jihad,5293
Paradise,689
Catholic Communion,23047
Economics of religion,389
Sabians,704
Witch of Endor,316
Yoruba mythology,643
Responsa,166
Angel,4579
Animism,1930
Congregationalism (disambiguation),8
Zohar,745
Syllabus of Errors,184
Shabbaton,51
Blessed Virgin Mary,795
Black Madonna,747
Megachurch,703
Ecumenism,823
Worship,620
Shirk (idolatry),422
Anti-Defamation League,2151
Iconography,625
Calvinism,2902
Feast of the Lemures,99
Nontrinitarianism,2030
Ellen G,0
Torah,3316
Anglican Communion,1015
Bioethics,1208
Episcopacy,394
Shunning,778
Jewish views of religious pluralism,218
End times,2087
List of Catholic priests,173
Spiritualism (religious movement),1407
Sol Invictus,674
Pilgrimage,1807
Solar Deity,738
List of Buddhist topics,1200
New Testament,3066
Anathema,434
Westminster Shorter Catechism,84
Monk,2020
Anthropology of religion,209
Dies Irae,1354
Holocaust,12842
Jacob,3057
Primate (religion),397
Three-Chapter Controversy,93
Canadian Unitarian Council,163
Prophets of Islam,3510
Women,3149
Holidays,2672
Polytheism,1650
Luciferians,532
Raphael (angel),738
Shrine,597
Church of England,2361
Gospel of Luke,2170
Sign of the cross,844
Religion in Canada,845
Evolution,13813
Transcendentalism,2591
Gog and Magog,2327
Sacred (comparative religion),626
Consecration,361
Multisensory worship,47
Particular church,134
Haitian Vodou,1654
Eastern Rite Catholic Churches,1329
Oahspe,370
Eckankar,1838
Ninety-nine names of Allah,1714
Jewish history timeline,944
Theosophy,1661
Bahá'í Faith,5254
Minority religion,36
Spiritualism,1407
Pseudoscience,5102
Irresistible grace,216
Abraham,6746
State religion,1756
Christmas Eve,1629
Mandaeanism,809
List of Ayyavazhi organisations,22
Apostolic Pardon,36
Temple (Latter Day Saints),1074
Seraph,791
Mass (music),440
Process theology,272
Reincarnation,4262
Buddhist terms and concepts,1060
Occult,1260
Word of Knowledge,77
Religion,7066
Alpha course,588
Anti-Semitism,8941
Cosmology,1432
Papal abdication,93
"Mary, the mother of Jesus",5883
Gregorian calendar,2797
Creed,1021
Sufi,6097
Uriel,640
Red Sea,1747
Anti-Modernist oath,85
Ten Commandments,5375
Priesthood of all believers,282
Eternity,558
History of Unfulfilled Prophecy by Christians,643
Augur,202
People of the Book,832
A Course In Miracles,2681
Accommodation (religion),64
