Constitutional law,337
Bromberg Bloody Sunday,811
Prussia,2417
1973 coup in Chile,1796
Maoism,1632
Kurdish genocide,45
1992 Los Angeles riots,3618
Chicano nationalism,97
Battle of Cuito Cuanavale,895
American Airlines Flight 77,2273
Women's rights,1567
Cyprus dispute,1720
The Rape of Nanking (book),922
German Democratic Republic,3444
Panama Canal Zone,590
Centre Party Germany,436
Trail of Tears,4063
Nordic race,2050
Latinos,2717
Legality of cannabis,3447
D-Day,3467
UFOs,7365
Bloody Sunday (1972),2801
Okinawa,1759
Roswell UFO incident,4886
Genocide,4400
Apollo moon landing hoax accusations,7841
"United States presidential election, 2000",4370
Armenian Genocide,7542
Mexican-American War,5889
Ukraine,7155
Texas Revolution,2700
Hispanics,5219
Crusades,6543
Watergate scandal,6533
Other Losses,583
Irish Potato Famine,4286
Green Revolution,1994
Louisiana Purchase,5197
Middle Ages,9419
Operation Wetback,485
American Revolution,5870
Ethnicity,2371
"Quebec, Canada",8648
Kennedy assassination,10175
Slavery,8250
Cold war,9247
Confederate States of America,6899
Poland,8433
Majestic 12,1245
France,12282
Unidentified flying objects,7365
East Germany,3444
Ustaše,2324
1953 Iranian coup d'état,2155
Soviet Union,7328
Cuban missile crisis,7422
Falkland Islands,5408
Philippines,15598
White supremacy,2779
Vietnam war,12750
Holocaust,12842
Scientology,14451
Aryan race,2673
Irredentism,917
September 11 terrorist attacks,17051
French Revolution,7120
Libyan Civil War,10080
Kosovo War,4212
Holocaust denial,7090
Great Depression,9521
Sanhedrin,1042
Marijuana,14254
Stem cell research,5387
Aryan invasion theory,148
Kuril Islands,585
War of 1812,9927
Coandă-1910,824
Panama canal,6232
Battle of the Alamo,5566
Ireland,14120
Apartheid,8315
Silesia,1847
Prohibition,4096
Jew,8180
Jim Crow,3172
Spanish civil war,6044
Black Power,1645
Atomic bombings of Hiroshima and Nagasaki,6259
Berlin wall,6887
Antisemitism,8941
Political radicalism,94
Bosnia and Herzegovina,7455
Puerto Rico,10148
Nazism,8500
China,12606
Tiananmen Square protests of 1989,6660
TWA Flight 800,2379
Japanese American internment,5887
Italy,12777
2011 Sendai earthquake and tsunami,6268
World War I,14502
Spanish Inquisition,4989
Feminism,8582
Racial segregation,3190
Native Americans in the United States,9377
World War II,21981
History of Mexican-Americans,549
Heimatvertriebene,69
Mexican American,3793
Spanish-American war,6640
Jesus Christ,24767
Mexico,12583
White race,10349
U.S,30652
Communism,9674
Israel,16004
Russians,3205
