Persian Empire,50
Aragonese Crusade,72
Early music,184
History of Anguilla,125
Seventh Crusade,372
History of Angola,379
History of colonialism,222
Timeline of United States diplomatic history,496
History from below,5
Albigensian Crusade,587
History of the United States (1776-1789),608
Technological and industrial history of the United States,716
History of the United States (1918-1945),644
History of Austria,1126
History of political science,1733
History of Mozambique,212
Historiography,1159
LGBT history,588
History of Papua New Guinea,164
Ancient Korea,2294
Germanic tribes,2390
Paleolithic,2448
Economic history,431
Death of Alexander the Great,40
Fourth Crusade,1586
History of Afghanistan,1746
History of Uganda,330
Modern history,1552
Divine Right of Kings,1013
History of Australia (1788-1850),652
Second Crusade,1416
Xinhai Revolution,1308
Mesolithic,654
History of USSR,54
Antiques restoration,57
Historical document,63
Aviation history,1980
Normans,1592
History of music,5500
Kingdom of Poland (1385-1569),285
Fifth Crusade,380
History of China,5666
History of Åland,64
History of Japan,4407
Assyria,2705
Ancient India,481
History of Zimbabwe,752
Napoleonic Wars,3565
History of women in the United States,727
Gunpowder warfare,657
Frankish Empire,778
History of Lesotho,126
Ottoman invasion of Otranto,173
History of the United States (1789-1849),850
History of Mexico,3443
American history,6506
Cold War,9247
Bourbon Restoration,532
Hussite Wars,343
Military history,1005
Age of Sail,152
Copper Age,445
Yuan Dynasty,2349
History of American Samoa,56
History of socialism,748
Timeline of United States history,501
History of Spain,2409
Ancient warfare,1061
Maritime history,865
History of Kenya,618
History of Liberia,854
History of Nepal,741
Modern warfare,842
Industrial Revolution,9956
History of the world,3576
Renaissance music,1892
Prehistoric music,566
Great Depression in Canada,879
Historical sociology,57
German confederation,602
Colonial history of the United States,3845
History of rail transport,712
Communist revolution,331
Western Xia Dynasty,333
History of Bahrain,741
Neolithic,2256
History of the United States (1945-1964),571
History of the United States,6506
Revolution,2609
History of Laos,252
Periodization,256
History of Latvia,578
Jin Dynasty (1115–1234),553
History of Qatar,228
Cuban Revolution,2114
Russian Revolution (1917),4360
History of the Falkland Islands,820
Military history of the United States,1741
History of South Africa,2004
History of Hungary,2040
Meiji Restoration,1096
Great Depression in France,107
History of Zambia,237
Eighth Crusade,288
Great Depression in South Africa,59
History of Vietnam,1926
History of post-Soviet Russia,1126
Southern and Northern Dynasties,403
Alfred the Great,2574
History of Liechtenstein,158
History of Turkey,265
History of Chile,1327
English Restoration,748
Secondary source,544
History of Asia,414
History of Cambodia,730
Qing Dynasty,4389
History of education,740
Zhou Dynasty,2907
Carolingian art,156
Spain under the Restoration,145
Ancient Egypt,7064
History of Haiti,1206
Xia Dynasty,1496
History of Greece,2126
History of Ghana,602
History of Albania,1138
Gender history,54
History of Russia,3211
Ancient Japan,4407
History of France,2766
Rome,8102
Early Modern warfare,657
Shepherds' Crusade,65
Maya civilization,5434
Sui Dynasty,1097
Prehistoric warfare,286
History of Bangladesh,1109
Weimar Republic,2609
History of Peru,855
Imperialism,4540
Classical period (music),1821
Livonian Crusade,270
History of the Republic of the Congo,276
History of Chad,452
Protohistory,59
Polish-Lithuanian Commonwealth,2225
Great Depression in the Netherlands,84
History of Zanzibar,133
Mongol Empire,5165
Tang Dynasty,5174
Medieval warfare,2234
The Holocaust,12842
History of Egypt,894
Taiping Revolution,1578
Hundred Years' War,4813
Five Dynasties and Ten Kingdoms Period,378
Political history,234
Qin Dynasty,3033
History of Yemen,612
Kingdom of Poland (1025–1385),166
Early modern history of Germany,54
History of Ukraine,1058
Battle of Nicopolis,633
History of Oman,264
Roman Republic,4559
History of Azerbaijan,1501
History of parliamentary procedure,22
History of Africa,2282
History of Thailand,829
Adena culture,368
History of Germany,3159
Great Depression in Latin America,64
Northern Crusades,426
History of Paraguay,597
Primary source,1107
Viceroyalty of Peru,528
History of slavery,3255
Archontology,46
History of Vatican City,5444
History of road transport,154
History of Akrotiri and Dhekelia,795
History of Croatia,1544
History of Scotland,1743
History of The Bahamas,339
History of the USSR,54
Universal history,180
Genealogy,2245
Military Frontier,382
Ottoman Empire,10945
History of Australia since 1945,237
History of the Romani people,376
Cultural history of the United States,54
League of Nations,4012
Third Crusade,1984
Nazi Germany,9881
20th century music,773
Revolutions of 1848,1086
