Plame affair timeline,723
Women,3149
Criticism of Wal-Mart,1881
Alberta,4333
Muslim Brotherhood,2392
Fox News,10184
Human rights of Kurdish people in Turkey,677
Jewish Americans,3131
Zimbabwe,8422
Zaire,832
Racial quota,158
Fascism,13647
Masculism,1827
Liberalism,7342
American Hunters and Shooters Association,573
Xinjiang,2105
Genocide denial,519
Anti-Italianism,1004
Partisan (political),53
Controversy,761
Bombing of Dresden,4104
Public education,864
Free trade,2209
Mexico,12583
Los Macheteros,593
Homosexual agenda,1709
Conservatism,5343
Tea Party protests,4235
Human rights in Cuba,1177
Adolf Hitler,22902
Womyn,639
Capitalism,12115
Chicago,15555
Silesia,1847
Demographics of Europe,803
Morality,2361
Political parties,43
Ethnicity,2371
History of Jews in the United States,1048
Tibet,7428
Canada,17419
Synarchism,644
Pioneer Fund,881
Poverty,6986
Federal Marriage Amendment,1195
Catalan people,1147
Race relations,161
Illegal Immigration,5820
Lebanon,13011
Demographics of Chile,1240
Puerto Ricans in the United States,1182
Irish people,5133
September 11 attacks,17051
Austrian School,4235
Race (classification of human beings),6308
Spain,11489
Terrorist groups,3076
White Americans,3228
Tea Party movement,6402
Ethnic group,2371
Saskatchewan Party,612
CIA leak scandal,3085
Yugoslavia,3278
Black supremacy,2137
Politics of Iran,839
Affirmative action,5434
Abortion,11486
Anti-Polish sentiment,1764
Kashmir,5048
NATO,5788
Palestine Liberation Organization,2549
New Jersey,6701
African American,6728
Paul Wolfowitz,2814
LGBT rights,2038
Detroit,10758
American Jews,3131
Catalan nationalism,362
Sedition,449
Anarchism,16447
2003 invasion of Iraq,9091
Sexual harassment,2750
Vector Marketing,1680
Medical torture,389
Copyright infringement of software,1045
Ethics,3203
Human rights in the United States,3065
War on Terror,9576
Communist state,2151
Osama bin Laden,13196
Valencian people,41
Same-sex marriage,12353
Banking,2774
Native American name controversy,1043
Moldavia,913
Terrorism,8145
Recession,2919
FDIC,1332
Viral license,121
Harry's Place,692
Demographics of the United States,3212
Crime,2475
People for the Ethical Treatment of Animals,7998
United Nations,6994
Valencian language,1239
Movement to impeach George W,0
Racism,11063
Syrian Social Nationalist Party,1019
Hyphenated American,312
Separatism,992
Cherokee,5707
Korean War,10106
Communism,9674
Wiretapping,820
Politics of North Korea,599
Gun politics,5034
Isa Gambar,76
Copyright,6626
Switzerland,9605
Kosovo,10786
Nazi Germany,9881
Catalonia,4655
Culture war,741
Taliban,5978
Pakkoruotsi,533
Moldovans,1457
Sarah Palin,14255
ACLU,4476
Cyprus dispute,1720
Neo-liberalism,3059
Catalan language,2629
"Nullum crimen, nulla poena sine praevia lege poenali",84
Freedom fighter,953
Japan,15515
Feminism,8582
Hezbollah,9536
Salvador Allende,3124
Holodomor,5337
Hate crimes,1545
Antisemitism,8941
Health Services Union expenses affair,362
National Anarchism,2413
Hamas,9557
Quebec,8648
Palestine,4899
Communist government,8
Multiculturalism,4002
USA PATRIOT Act,5497
Anti-Americanism,5062
Harry Potter,13736
Free software,2823
Cuba,10494
Italian American,4017
Laura Schlessinger,2248
Libertarianism,10503
Health care,2814
Anti-Irish racism,347
Illegal drugs,4503
Louisiana,4994
Torture,4712
Socialism,10873
Polish people,2815
DMCA,1193
Seamus incident,1044
Northern Ireland,7517
Sonny Bono Copyright Term Extension Act,643
History of Israel,4863
India,20099
Deaf American,35
Democratic Republic of the Congo,5195
United States,30652
Park51,2558
Patriotism,1565
Capital punishment,7478
Republic of Serbian Krajina,1411
World Trade Center site,982
John McCain,9198
Ariel Sharon,4939
Anti-clericalism,531
Plame affair,3085
European Union,18229
Economy of Japan,1578
Ireland,14120
People's Republic of China,12607
Republic of Macedonia,7754
Neo-conservative,4270
Joe Biden,4353
British National Party,9947
Political correctness,4013
Inducement Devolves into Unlawful Child Exploitation Act of 2004,56
School violence,1384
Asian American,5042
New World Order (conspiracy theory),8922
Gay rights,2038
John Kerry,13372
Republika Srpska,3884
Macedonia,2696
Western civilization,2149
Atheism,12891
Domestic violence,4507
National Democratic Party of Germany (NPD),1737
Health care reform in the United States,2849
Sinkiang,2105
Israel-Palestine conflict,7132
Tobin tax,1316
Cyprus,10647
CIA leak scandal timeline,723
Valencianism,67
Espionage,1991
Anarcho-capitalism,5792
Price-Anderson Nuclear Industries Indemnity Act,741
Holocaust,12842
Macedonian Slavs,6200
