Equilibrium selection,5
E. J,0
Villagization,15
Mass politics,27
Southern Agrarians,175
Coase conjecture,42
The Masque of Anarchy,107
Anti-Poverty Committee,79
Steven Lukes,94
Celine's laws,51
Acceptance,299
Chanakya,1166
Ecological economics,886
Network effect,507
MoveOn,1682
National League of Cities,115
Authoritarian,1113
Tactical media,219
Christian Democracy,861
Disarmament,207
Miami model,76
Reactionary,833
National Agenda Document Project,12
Constituent state,52
Bureau-shaping model,4
Reaganomics,1841
Power in international relations,898
Pale,102
Output (economics),43
Underground economy,1073
Youth vote,63
Pharisees,1803
The Triple Revolution,33
Market share,274
Health department,136
Timarchy,149
Keynesian economics,1713
Strategic geography,36
Preference,28
Institute for Humane Studies,373
Computational economics,91
Worker center,25
Stateless nation,162
Publixtheatre Caravan,57
Hannah Arendt,1004
Civil society campaign,38
Unitary state,549
Autonomous area,404
Electoralism,13
Arbetarnas bildningsförbund,24
Marijuana Policy Project,244
Quantity theory of money,443
Continental Europe,346
West Side Nut Club,36
Price specie flow mechanism,37
Project Cybersyn,130
Supply-side economics,1552
Aggregate demand,361
State of nature,597
Omaha Platform,76
Freedom Center Western Massachusetts,36
Wage slavery,2881
Black populism,92
Tory Socialism,36
Non-governmental organizations,2516
Peace walk,68
Marriage gap,98
Edgeworth box,121
Government simulation game,895
Youth activism,167
Commonwealth of World Citizens,75
Pareto efficiency,697
Populism,2055
The Family Foundation of Kentucky,31
Rights and responsibilities of marriages in the United States,136
National American Woman Suffrage Association,258
Rudy Giuliani promotions of Bernard Kerik,33
Social finance,43
Georgetown University,4299
Risk-free interest rate,130
Co-option,65
Anti-communism,2013
Supranational,191
Students for Justice in Palestine,380
Chicago school of economics,454
Critique (Journal of Socialist Theory),51
Regionalism (politics),172
Youth for International Socialism,21
Zionist Freedom Alliance,134
Global game,22
Comparative advantage,890
Differentiated Bertrand competition,28
Poverty threshold,825
Policy studies,52
Carthaginian peace,50
Godless Americans March on Washington,73
Australasia,561
Liquid democracy,59
Entrepreneur,3491
Superpower,6850
Inflation,5532
Corrective Revolution,39
Proletarian revolution,170
Soft despotism,36
Open politics,134
Gresham's law,554
Homo economicus,344
Hotelling's law,89
Information economics,169
Value added,163
State of emergency,1286
Cultural ecology,156
Business cycle,1164
Voting,1085
Technology and society,495
History of economic thought,1408
Transaction cost,267
Drug policy reform,119
Voter fatigue,41
James E,0
French Directory,472
Economic problem,408
Majoritarianism,414
Direct rule,132
International Solidarity Movement,1221
Free market,2367
Political agenda,32
Equality before the law,131
Gandhian economics,95
Privatization,1360
Local administrative unit,99
Rights,1129
Proxy voting,330
Intergovernmental organization,584
Judicial tyranny,1211
Consumer theory,348
Libertarian Marxism,142
National Income and Product Accounts,86
Timeline of women's rights (other than voting),463
Economic impact of immigration to Canada,641
Velocity of money,149
Legitimating ideology,7
Coordination failure (political science),23
Liberalism in the United States,2344
Guardian of Zion Award,59
Seat of government,506
Marxist philosophy,421
Lucas critique,162
Classical economics,349
Benito Mussolini,7609
Dominant-party system,710
Critical international relations theory,84
Comparative politics,135
Scarcity,734
Moral philosophy,3203
Absolutism (European history),1726
Tetracameralism,44
Homer,4160
Rosenberg Fund for Children,32
Revolution,2609
Portal:Business and economics,135
An Act of Conscience,20
New Democracy,87
Price point,84
Young Lords,448
Income redistribution,389
Merchants Club,10
Managerial economics,150
Liberal democracy,1752
Social contract,1923
Neo-Gramscianism,111
Communization,91
Profit (economics),167
Interest aggregation,21
Student activism,498
Reserve currency,474
Netroots,153
Education Otherwise,106
Socialism (book),33
2006 United States immigration reform protests,1214
Ostracism,436
Infighting,89
Giffen good,330
Pacman conjecture,20
Realism in international relations,561
Euripides,1602
Public trust,46
The Republic (Plato),1409
Americas,7795
Technostructure,30
Tyrant,1085
Protest vote,111
Non-partisan democracy,227
Herfindahl index,247
Interest articulation,23
Productivity,1007
Communist,9674
Exceptionalism,80
"100,000,000",103
Fisher separation theorem,44
The Mischief Makers,214
Value of Earth,61
Endogeneity (economics),82
Euro,7218
Society,1791
Fixed-term election,55
Political system,334
Husting,62
State (polity),1977
Modern portfolio theory,933
Revisionist Zionism,577
Avicenna,3540
History,6147
Red Guard Party (United States),63
Nation-state,1359
Compact theory,106
Government procurement,70
Municipal corporation,194
Public choice theory,525
Rational expectations,249
"Tax, tariff and trade",3758
Anatopia,10
Competition,1238
Social cost,134
Bioeconomics (biophysical),219
Social welfare function,208
Cost,300
Fractional-reserve banking,2489
Legal domination,58
History of India,4232
Music and politics,437
Opposition to immigration,314
Statistics,3546
Marginalism,821
Slavery,8250
Political science of religion,104
Robert Filmer,128
Constituency,102
Somaly Mam Foundation,95
Political t-shirt,15
Turn Your Back on Bush,36
Financial instrument,197
Potential output,64
Average worker's wage,62
RitaExpress,68
Indybay,28
Oligarchy,1870
Paleoliberalism,92
Separation of church and state,3301
African Plate,205
Political geography,348
Liberation theology,1265
Micronesia,850
Hobbes,2541
Economic base analysis,30
East Gosforth,37
Zvakwana,14
Political power,898
Trust (social sciences),491
Political behavior,96
Power vacuum,88
Sabotage,670
Free the Old Head of Kinsale,10
IS_LM model,0
Vote allocation,15
Subgame perfect equilibrium,79
Political media,61
Publics,17
Monarchism,1117
Antoine Barnave,97
Human shield action to Iraq,249
Citizen and consumer movements in Japan,9
Store of value,91
Skinheads Against Racial Prejudice,421
Landslide victory,493
Workers' control,60
Anthropology,3454
Declassification,79
Heads of state,1816
Consumer,792
Amoralism,214
Types of socialism,579
Regenerative Economic Theory,46
Socialism and social democracy in Canada,139
Ballot stuffing,1008
Marginal rate of substitution,152
John Mordaunt Trust,26
Political campaign staff,114
Political scientist,1733
Human shield,770
RISE International,11
Linguistics,2555
Birth,680
Thermidorian Reaction,295
Deep politics,35
Austria,7057
Italy,12777
National Association of Old IRA,22
Mayflower Declaration,14
Utah League of Cities and Towns,31
Nazism,8500
The Age of Enlightenment,6004
Curvilinear Disparity,66
Safe seat,195
Margaret Thatcher,8363
Labor Zionism,216
Sexual Freedom League,94
Conspiracy (political),169
Tax Justice Network,95
On Liberty,363
Alta controversy,65
Social Credit,896
Tully Satre,118
Political parties of the world,729
Alternative Views,42
Tying (commerce),202
Devaluation,157
Game theory,2357
Eco-socialism,429
Socialism and LGBT rights,581
Central Military Commission,41
Comparative statics,121
Decentralization,418
Senate Document,10
Power transition theory,80
Civil service,731
Equality of outcome,187
Traditional domination,57
The Social Contract,320
Peter F,0
Western Journalism Center,47
Pacific Environment,47
Elasticity (economics),1009
Student Stop AIDS Campaign,18
Public bad,32
Thomas Sowell,1454
Home Economics,269
PIANZEA,4
Adverse selection,213
Utilitarianism,2617
United States-Russia mutual detargeting,29
Election surprise,47
Left wing,4185
Safe Minds,118
Democracy in Marxism,88
Community Front in Defense of Land,23
PDF,2605
Criticism of debt,83
Syncretic politics,190
Hacktivism,652
Hacktivismo,92
Human chain,133
Emergent democracy,124
Human settlement,335
Internationalism (politics),308
Totalitarianism,3279
Critique of capitalism,1078
World government in science fiction,142
Hauser's Law,164
Autarky,303
Students Partnership Worldwide,25
Consumer organization,165
Fascism as an international phenomenon,290
Porkbusters,92
Project Camelot,160
Regenesis Movement,70
Red Falcons,34
Model (macroeconomics),186
Public benefit corporation,106
Maine Video Activists Network,22
Is it Fair?,19
Yield (finance),127
Recall election,465
Racial segregation,3190
Cost curve,250
Anti-nuclear movement,1860
Independent Media Center,1146
Cartel,649
Active measures,501
Virtuous circle and vicious circle,216
Anti-nuclear movement in Australia,483
Soft paternalism,108
Glenn W,0
Nothing About Us Without Us,27
Quick count,15
Science for the People,38
Egyptian Socialist Youth Organization,12
Legislative branch,1556
Social fascism,104
Delegated voting,330
Writ of election,35
Psychology,8038
Regional hegemony,168
National Bolshevism,419
Partners in Population and Development,55
Cash crop,646
Bellum omnium contra omnes,161
Lake Ontario Waterkeeper,155
Political philosophy,1140
Spokescouncil,36
Marxism,5108
Conscription,3918
Rump organization,12
Quality of life,822
Townsite,28
Communalism,169
Food politics,57
2007 Georgia plane downing incident,38
Trade,1239
Sunk costs,359
Cost-benefit analysis,577
Financial capital,197
Green lending,12
Axis of Justice,254
Soviet Union,7328
Public law,249
Washington and Lee University,1303
Political entrepreneur,44
Craftivism,171
Urban75,1168
Nonproliferation,1095
School of the Americas Watch,143
Write-in candidate,378
Jerusalem Center for Public Affairs,254
Aristocracy,1150
Demand management,50
Joint electorate,47
Principal–agent problem,422
Two-part tariff,74
Politically exposed person,136
Natural Capitalism,110
Ursinus College,506
Bavarian Soviet Republic,294
Glossary of the French Revolution,233
Diplomacy,1326
Minimum wage,3592
Patriarchy,2801
Arizona State University,2989
Voter registration,376
Microeconomics,989
Signoria of Florence,36
Great Britain,5681
Party-line vote,36
Democratic Socialist Organizing Committee,106
Natural capital,214
National Korean American Service & Education Consortium,32
Radicalism (historical),335
South America,6669
Social Solidarity,207
Election Day Registration,91
Energy security,251
Islamic economic jurisprudence,737
Junta (Peninsular War),56
Franchise activism,21
Dual mandate,115
Seven generation sustainability,54
Island country,482
Local Works,26
Haringey Solidarity Group,38
Representative agent,80
"Philosophy, Politics, and Economics",707
Sales tax,692
Commune (Socialism),52
Bureaucrat,226
Local government,1014
Luck egalitarianism,53
"University of California, Santa Cruz",1497
National Civic League,36
Mierscheid Law,76
Taistoism,43
World's Smallest Political Quiz,228
Occidental College,1525
Political theatre,160
Tricameralism,110
Anti-Stalinist left,252
Women's suffrage,4568
Direct Action and Democracy Today,10
Consumers Research,78
Policy analysis,198
Beirut-Damascus Declaration,13
Aviation ministry,14
League of Coloured Peoples,31
Road pricing,619
International trade,1417
French Senate,244
Pure race,11063
Caging list,315
Slacktivism,280
Originalism,677
Fascio,131
Speaker of the Senate,31
Arms Length Management Organisation,122
Brown Berets (Watsonville),42
Communitarianism,697
Green anarchism,575
Māori protest movement,253
Pigovian tax,303
Political simulation,895
Asian values,265
Factual association,28
Student voice,211
Value of life,257
Common minimum programme,27
Law,5691
Theories of political behavior,96
Youth politics,111
Veblen good,222
St,222
Political Film Society,43
Right of conquest,93
Dynamic stochastic general equilibrium,203
National Breast Cancer Awareness Month,211
Noam Chomsky,7249
Real estate investor,89
Custom online panel,38
The Analects of Confucius,600
Catch-up effect,86
Neoliberalism in international relations,137
Geographical pricing,30
American Political Science Association,122
Maimonides,1875
French Revolution,7120
Pro forma,264
Nash equilibrium,1053
Left-right politics,1520
Libertarianism and Objectivism,538
Legislative Assembly (France),162
Richard L,0
Peace studies,529
Overhead (business),90
Pieing,553
Global power barometer,12
Nancy Program,8
Political culture,261
Ancien régime,365
Mid-City Community Advocacy Network (Mid-City CAN),19
Management,3005
DIY culture,376
Independence referendum,211
Individualist anarchism,3460
Kingmaker,176
Emerging nation,21
Foreign policy analysis,74
Street-level bureaucracy,57
Federalism,2567
Party political broadcast,28
Contract theory,134
Arrow's impossibility theorem,584
Pi Sigma Alpha,70
Non-human electoral candidates,132
Princeton University,3636
Political dissent,82
John Rawls,945
Nobel Memorial Prize in Economic Sciences,1484
Political party,2086
Historical school of economics,89
Public management,156
Civil society,842
Political systems,334
Balance of trade,970
Virgil Goode,683
Cornell College,615
National Maternity Action Plan,18
Up with People,421
Means of production,278
Investment,1426
Constitutional convention (political meeting),237
Monetary policy,1371
Absolute majority,192
Prebendalism,44
Religion and politics,104
Robert Dahl,204
Chinaman (politics),14
Freedom of speech,2696
Factors of production,683
Actuary,1868
Concurrent majority,47
Rate of return pricing,30
Arctic Refuge drilling controversy,1337
Democratic Socialists of America,553
Santorum controversy,510
Mercantilism,2289
Public value,43
Anti-nuclear movement in the United States,807
Progress For America,108
Maurya Empire,1493
Demarchy,345
Election,1825
Political institution,334
Counter-recruitment,166
World War II,21981
Integral Nationalism,41
Institutional analysis,25
Commodity,915
Joint product pricing,34
Welfare economics,373
Terms of trade,195
Social sciences,1929
Ticket (election),15
Anti-Revisionist,362
Harris-Todaro Model,51
Space policy,36
Liberty Tree Foundation for the Democratic Revolution,29
Class conflict,439
Collectivism,996
Religious Coalition for Reproductive Choice,66
Vote pairing,124
Root Force,16
John Carver (board policy),31
Egalitarianism as a Revolt Against Nature and Other Essays,31
Uranium mining controversy in Kakadu National Park,155
Left-Wing Communism: An Infantile Disorder,79
Free rider problem,475
"United States Republican Party presidential nomination, 2008",2020
Referendum,1332
Neo-Zionism,132
Right socialism,290
Nation,1403
Standard of living,512
Criticisms of electoralism,69
Intersectionality,170
Menu cost,76
Lawrence O'Brien Award,104
Market economy,1804
Social science,1929
Policy Ineffectiveness Proposition,73
Political game,895
Radical Youth (Aotearoa New Zealand),55
Conference of Socialist Economists,13
Canadian and American economies compared,1448
Autism Speaks,585
Depression (economics),465
Political faction,365
Songun,124
University of Puget Sound,751
Divided regions,95
Outing,418
Panhandle,257
Urmia Manifesto of the United Free Assyria,16
Nomination rules,21
Peacefire,224
Economic liberalism,316
YearlyKos,199
Transport economics,134
Stock exchange,1336
Big Push Model,104
Ecotax,241
Abalone Alliance,237
Product bundling,107
Arab socialism,201
Dividend imputation,72
Disability Determination Services,55
Market concentration,109
Cost-of-production theory of value,102
Natural resource economics,133
Regression analysis,1457
Take Pride in America,69
Office politics,190
U.S,30652
Ruling clique,15
Body politic,52
Republican Party (United States),10293
Shock therapy (economics),271
Good (economics),496
Goulash Communism,131
Labour Party (UK),6512
Libertarians,10503
Isolationism,895
Gastald,29
World Network of Users and Survivors of Psychiatry,43
Center for Science in the Public Interest,796
Paleolibertarianism,303
Political spectacle,94
New York University,4310
Father of the House,402
Legislative process,334
Environmental economics,398
Deliberative democracy,329
Education policy,115
Earthlings (documentary),298
Socialist Resistance,140
Sectionalism,794
Hunt Saboteurs Association,148
Politician,1043
Laissez-faire,2263
Workers' council,215
Green syndicalism,78
Returning Officer,65
Distributism,717
Situational ethics,295
Gay marriage,12353
Hesiod,746
Intertemporal choice,86
Bureaucracy,1936
Integral humanism (India),125
Belgian Labour Party,44
Global Justice Movement,192
George Lakoff,548
Singer-Prebisch thesis,111
Security and Peace,33
Equality of opportunity,424
Lange Model,101
Anarchism in China,122
Administrative Centre,37
Politics in fiction,359
Progg,161
Market populism,33
Internet censorship,2308
Matriarchy,1442
Theories of state,1977
Human Development Index,4658
Melanesia,622
Ürün,37
Agricultural policy,354
Anti-capitalism,915
The Communist Manifesto,1918
Cornell University,5620
Arbitrage,733
Expansionist Nationalism,46
United We Stand America,46
Daniel Patrick Moynihan,684
Citizens' jury,50
Bavaria,2454
Metapolitics,73
Social liberalism,2501
Dead cat bounce,220
Triumphalism,101
Joseph de Maistre,621
Majority,159
Ballot box,90
Classical liberalism,3014
Inclusive Democracy,356
Independent Australian Jewish Voices,78
Osman Ahmed Osman,56
Trent Lott,1613
Subjective theory of value,200
Left-wing politics,4185
Multi-party system,304
Investment policy,24
Gaullism,172
The Soul of Man under Socialism,99
Israeli-Palestinian conflict,7132
The Prince,2318
Debt,1191
Political criticism,83
Attack poodle,26
Colby College,1335
Varieties of democracy,12199
Transpartisan,31
Capital intensity,65
Land and liberty (slogan),34
Strategic complements,36
Militant (disambiguation),13
Thucydides,1475
Nakamura number,36
Industrial organization,170
Rubaiyat of Omar Khayyam,582
Reverb (non-profit),55
Initiative,403
Camp Trans,257
Contact Group (Balkans),42
Democratic socialism,1309
Kaldor-Hicks efficiency,137
Vanishing mediator,19
Prisoner's dilemma,1722
Chappaquiddick incident,1048
Standard of deferred payment,27
Property rights (economics),93
NAIRU,145
Monetary reform,581
10 Agorot controversy,92
Neo-Keynesian economics,112
War on Terrorism,9576
Attendance allowance (political),12
Supermodular function,62
Community organizing,978
Liverpool Social Forum,24
Hegemonic stability theory,173
Independence,494
WOMBLES,112
May Conspiracy,19
Authority,790
1984 network liberty alliance,53
Karl Popper,1671
X-efficiency,33
Trade facilitation,87
Post-democracy,46
Law and economics,424
Scientific Socialism,158
Thomas Hobbes,2541
Search theory,82
Bellman equation,251
Neosocialism,152
Veterans of Future Wars,36
Generalissimo,826
Call For Action,23
City-state,1485
One People's Project,266
Mass mobilization,37
Social mobility,593
Compulsory purchase order,38
Radical cheerleading,100
MVDDS dispute,97
Libertarian Party of Michigan,125
Artists United Against Apartheid,178
Supremacism,634
Parable of the broken window,684
Comparative government,135
A Scientific Support for Darwinism,94
Damages,417
Medium of exchange,174
Government,5058
Alan Placa,56
Whitewash (censorship),96
Judiciary,1003
Labour movement,389
R,989
Classical general equilibrium model,45
Prometheus Radio Project,157
Factor price equalization,58
Entrepreneurial economics,52
Cabotage,125
Principate,154
Nothing But Nets,34
Subsidy,670
Growth accounting,58
Globalization,8750
Augustine of Hippo,4247
Political libel,51
Ancient Greece,4647
French Constitution of 1793,74
Arrow Cross Party,289
Monkeywrenching,670
Californians Aware,18
Rent strike,50
Non-intervention,181
Economic policy,157
Sociology,4965
Condominium (international law),248
New Jersey Redistricting Commission,36
Affinity group,162
General election,372
Normative,215
Jeffersonian political philosophy,426
Landmine Survivors Network,101
Competitiveness Policy Council,45
Polish American Congress,64
Virginians Against Drug Violence,17
Living wage,448
History of political science,1733
Education Action Group,14
Play2upnow.com,0
Labour voucher,52
Judicial branch,1003
Joseph Stalin,13027
Social sector,30
Progressivism,2489
Feminist economics,594
Confederation,1571
Johns Hopkins University,4111
People & Planet,200
Appropriate technology,962
Irish Socialist Network,64
Political communications,33
Center for Biological Diversity,82
Language policy,331
Gold standard,3490
Alexandre de Lameth,43
Socialist Worker (Aotearoa),67
Parent-Teacher Association,229
Electronic civil disobedience,82
Fu Xiancai,30
Icarus Project,161
Democracy Day (United States),53
Barbara Kay controversy,271
Alice's Meadow,37
Peltzman Effect,212
Feuillant (political group),57
Vanguardism,85
Theology,1686
Three Principles of the People,427
Measures of national income and output,1022
Liberals,7342
Marxist international relations theory,33
George Allen (U.S,0
Cornelius Castoriadis,493
Hereditary Education Policy,159
Centrist,478
Polling station,81
Economic calculation problem,642
Constituent country,714
Revolutionary movement,42
Asset-based egalitarianism,60
Ballot,249
Tragedy of the anticommons,224
History of democracy,1326
Compulsory voting,1144
Finance,2795
Self-determination,1489
Total cost of ownership,262
Economic indicator,288
Sovereign state,516
Deductive reasoning,1066
Regional state,78
College of William and Mary,5171
National Vaccine Information Center,184
Social class,2646
Bankruptcy,1972
Conservatism in the United States,4412
Tariff,891
Free Software Foundation,847
Contempt of Parliament,147
Triple oppression,49
Global Environment and Trade Study,27
Absolute monarchy,1726
Citizenship,2033
Use of Sciences Po,1911
Brights movement,687
Political compass,343
Modern American liberalism,1922
Political activism,711
Ideology,1234
Jura federation,42
Great power,3790
Parachute candidate,1239
Stem cell,5387
Ausserparlamentarische Opposition,59
"Montebello High School flag flipping incident, 2006",105
2007 Georgia missile incident,125
Efficient-market hypothesis,868
Social policy,176
Redistribution of wealth,389
Council on American-Islamic Relations,2475
Neomercantilism,124
Federal Returning Officer,12
Nonviolence International,22
Bequest motive,11
Government-organized demonstration,77
World cultures,28
Popularism,52
Gun control,574
Price elasticity of demand,1016
Acclamation,100
Student Global AIDS Campaign,41
Revolution from above,28
Global Justice (organization),31
Electoral geography,76
Municipal services,58
Territory (country subdivision),99
Stand Up Speak Up,67
Realigning election,491
Autarchism,111
Tax reform,107
Separate electorate,47
World government,2002
Nationalism,4634
Democratic transhumanism,447
National Organization for the Reform of Marijuana Laws,452
Real versus nominal value (economics),221
Macmillan Publishers,189
Cosmopolitanism,434
Ethical consumerism,528
Committee,324
Mike Lesser,91
Normal good,58
Hyperinflation,2043
Quantitative easing,1289
Coase theorem,349
Northern Arizona University,956
2006 Norwegian Jostein Gaarder controversy,143
Funky Dragon,50
Economy,2662
Evolutionary economics,231
Deposition (politics),68
Designated Suppliers Program,36
Sokwanele,27
Civil registry,120
General equilibrium,420
Oligopoly,828
Public Health Security and Bioterrorism Preparedness Response Act,15
Production theory basics,189
Social welfare provision,1089
Center for American Politics and Citizenship,27
Private defense agency,192
Buddhist socialism,69
New classical macroeconomics,145
Timeline of women's suffrage,533
"Willard Saulsbury, Sr",0
Lishenets,28
Oligopsony,82
Cacerolazo,166
Gross value added,26
The Legislative Assembly and the fall of the French monarchy,151
Social democrats,2807
University of Idaho,1265
Risk-free bond,32
Election judge,40
In His Steps,106
Marginal revenue,174
Fudgie Frottage,185
Unit of account,147
Electoral calendar 2009,809
Monetarism,529
Legal system,929
Working class,802
Economies of agglomeration,59
Independent goods,23
Contentious politics,41
Center for the Evaluation of Risks to Human Reproduction,17
Saving,340
Campaign for Innocent Victims in Conflict,166
Iraq and Afghanistan Veterans of America,173
Mobutism,40
Mental accounting,55
Socialist Register,11
Germanophile,83
Exogenous growth model,421
Christianity,17038
Globalism,167
Trade pact,70
Supranational aspects of international organizations,31
Parents and Citizens,23
Hindi-Urdu controversy,257
Sunspot equilibrium,62
Seaweed rebellion,21
Americentric,75
Declarationism,37
Regional autonomy,21
Sitdown strike,85
Concord Principles,43
Champagne socialist,341
Socialist realism,628
Social-imperialism,122
Edmund Burke,1413
Provisional ballot,81
May Day,2663
Civil libertarianism,143
Minarchism,825
Next Welsh devolution referendum,241
Two-party system,971
Comprehensive Income Policy Agreement,56
Universal manhood suffrage,88
Victoria University of Wellington,685
Consent of the governed,253
Reflections on the Revolution in France,267
Consul general,478
Reverse discrimination,881
Which?,214
Committee of 100 (Delaware),14
Culture jamming,964
Anti-cult movement,850
Vladimir Lenin,8198
Traffic light coalition,62
CountyWatch,301
Neoliberalism,3059
Folkhemmet,72
Surplus value,405
Quota Borda system,50
Linestanding,34
Civil liberties,696
Affair,498
Forms of state,1977
Economic model,397
Middle Ages,9419
Incentive,302
Minorities,666
Property rights,1375
United States Supreme Court,6595
Egalitarianism,993
"Robert Stewart, Viscount Castlereagh",659
Elitist,834
Community-based economics,40
National Assembly of France,348
Import,400
Government debt,803
Monarchy,3425
Universal health care,4010
Socialist state,390
Bretton Woods System,1407
Guevarism,96
Greenpeace,4078
Fascist,13647
Transparency (market),59
To the Finland Station,89
Open government,196
Executive power,2166
Systems theory in political science,62
Aristotelianism,244
Slavophile,240
Corporate oligarchy,1870
Science policy,180
Neoconservatism,4270
Socioeconomics,341
Bob Dornan,373
Dispersed knowledge,45
Money bill,86
Charismatic domination,495
Neo-medievalism,67
Freedom of the press,1404
Nationalist activism,21
Spanish Constitution of 1812,205
Supermajority,192
Participatory economics,868
Southeast Asian Leaders,81
Carneiro's Circumscription Theory,22
Peronism,420
National Italian American Foundation,78
Southwest Asia,1891
Democracy,12199
Berne International,136
Hasbara,668
Refused ballot,26
Externality,976
Young Socialist Alliance,56
ThreeBallot,55
Ion Sancho (politician),93
Brahmana,140
Triple bottom line,473
Activism at Ohio Wesleyan University,125
Forecasting,427
The Lysistrata Project (protest),7
Political decoy,449
Survivors of the Valdez Oil Spill,17
Board of Control (municipal government),22
Welfare reform,448
State Electoral Office,38
Gross domestic product,3832
Enabling act,270
Specialization (functional),47
Libertarian socialism,2777
Trade bloc,777
Jane Jacobs,754
Vice Consul,14
Militarism,887
National Youth Rights Association,231
2006 Georgian-Russian espionage controversy,442
Northeast Action,23
Opportunity cost,986
Methodenstreit,76
Tax increment financing,342
Spending multiplier,357
Political science,1733
Expected utility hypothesis,255
Economy of scale,506
Affirmative action bake sale,191
Turner Controversy,19
Investment specific technological progress,63
Alliance for a New Humanity,34
Mathematical economics,589
Brandeis University,1963
Machiavellianism,414
Transitology,69
Nevada Desert Experience,64
Transparency International,370
University of Sydney,1603
Definitional concerns in anarchist theory,188
Civilized,4101
Nolan Chart,402
Anarcho-syndicalism,921
French Constitution of 1795,79
Post-modern,4383
Animal testing,5775
Internal security,98
Hindmarsh Island bridge controversy,175
Political movement,96
Election Day (United Kingdom),47
Demand-pull inflation,92
Roman Empire,7610
National Assembly,357
Sustainable development,2494
Orange Revolution,930
Voting systems,2159
Political literacy,22
Money,5454
University reform in Argentina,110
Palestine Media Watch,53
Hacktivist News Service,9
Politics by country,47
Plumi,93
Executive branch,2166
Autism Awareness Campaign UK,218
Babeuf,235
Fernand Brouez,47
Zombie Lurch,1053
Consumers' Association (disambiguation),59
Progressive Era,2657
Arbeter Ring (Workmen's Circle),131
International Action,73
Arm's length principle,84
Clone (voting),77
Environmental finance,34
Jewish Socialists' Group,34
Microcredit,1262
Safer Alternative for Enjoyable Recreation,47
Front-runner,89
Balanced job complex,39
Downsize DC Foundation,74
The Two Souls of Socialism,34
Socialist Action (disambiguation),31
Paradox of voting,69
Political capital,48
Voting system,2159
Indirect election,127
Remanufacturing,64
Dyke March,166
Thomas Boddington,23
Rhythms of resistance,77
Capital asset,51
Home Nations,593
Political Campaigning,700
Sangonet,25
Sustainable procurement,170
Contract curve,46
new,232
Nature versus nurture,1935
Hendrix College,655
Renaissance,7335
Okun's law,171
Sovereignty,1578
Republic of China,9211
Employment,1682
Melanesian socialism,23
Democratic peace theory,3123
Leaderless resistance,346
Girondist,461
Householder Franchise,9
Sunspots (economics),62
Passive obedience,34
Stump speech (politics),62
Economic equilibrium,237
Foco,160
Utility,592
Underground Literary Alliance,199
Fair trade,4244
Economic system,1123
Ethnic nationalism,400
Max Weber,2272
Starve the beast,329
Transformation problem,275
Dissent! (network),34
Annexation,648
Low-carbon economy,550
White Poppy,161
Russian Revolution of 1917,4360
Cross-cultural studies,113
Rational choice theory,418
Proletariat,749
Information asymmetry,199
Direct democracy,2051
Crisis management,448
Parliamentary session,252
Social democratic,2807
A Quaker Action Group,26
Ithaca Hours,154
Money creation,622
Functionalism in international relations,100
Supply and demand,2551
A Man's A Man for A' That,85
Name recognition,19
Voter database,141
Princeton Project 55,20
Divine Right of Kings,1013
Lenin,8198
Private property,219
Marxist revisionism,73
Corporate Europe Observatory,31
Aggregate supply,128
Dartmouth College,3084
Agent-based computational economics,142
Black Front,45
Tenant-in-chief,126
Classless society,172
Real Business Cycle Theory,217
Hypatus,48
Europe,8950
Economic history,431
Electoral college,1330
Universal suffrage,960
E-Democracy,915
Bicameralism,762
The Lawless State,16
Productivism,54
National socialism,8500
Social capital,945
Veto,958
Early voting,168
International Working Union of Socialist Parties,70
Keynesian formula,57
Anti-authoritarian,130
Just price,71
International relations,1682
Fahrenheit 9_11 controversy,0
Duumviracy,69
Concession (politics),26
Economic activism,27
Generation Engage or GenerationEngage,34
Camp for Climate Action,441
The Ragged Trousered Philanthropists,165
Repugnancy costs,22
Polynesia,1465
Aptitude,417
HESFES,72
Amalgamation (politics),112
Commodity market,595
John Locke,3205
Muslim Association of Britain,154
Leviathan (book),685
Susan Bernecker,14
List of political scientists,922
Socialist feminism,114
Imanol Ordorika Sacristán,168
Jan Wong controversy,98
Mock election,26
Turkey Youth Union,59
Ministry (collective executive),41
Nasserism,157
Counter-terrorism,1304
Christian Institute,333
Policy by press release,19
Maternity Coalition,21
Workers' self-management,307
Royal Commission,238
Green politics,564
Disarm bush,32
Reformism,167
Dual power,111
Human capital,566
Activism,711
Socialist competition,66
Epistemology,2740
Politicization of science,556
Red inverted triangle,42
Rainbow_PUSH,0
Controversies related to Islam and Muslims,5686
For a New Liberty: The Libertarian Manifesto,92
Suffrage,1498
Monash University,1359
Zero-sum,375
Backward induction,117
Anarchist communism,1311
Tragedy of the commons,1510
Government in exile,1152
Red flag,544
Inferior good,233
Exclusive mandate,104
Liberalism in Colombia,49
Ethnopluralism,69
Celtic Tiger,1042
Political crime,56
Utopia,4339
Intergovernmental Management,13
Constitutional crisis,432
Promoting adversaries,64
Pali Canon,692
Media activism,64
Advocacy,340
Pre-Marx socialists,21
Theory of the firm,249
Infrastructural capital,64
Anti-environmentalism,142
Republican In Name Only,844
Dynamic programming,874
Government-granted monopoly,146
Neoclassical economics,502
Amalgamation (history),59
Galicianism (Galicia),41
Military geography,143
Economic geography,372
Deadweight loss,187
Rotvoll controversy,32
Local self-government,30
National language,677
Economics,4866
Political statement,21
President's Council on Service and Civic Participation,20
Adaptive expectations,71
Judicial power,1003
Herzl Award,30
Presidential succession,390
"Get Up, Stand Up: The Story of Pop and Protest",23
County executive,116
Electoral fusion,172
Consistent Life Ethic,274
By-election,214
An equal amount of products for an equal amount of labor,111
Purple Rain Protest,111
Ukraine without Kuchma,104
Political Management,41
History of socialism,748
Radical democracy,77
Representative democracy,1210
Apolitical,71
Petticoat affair,192
Election management body,38
The People Speak,27
Public good,798
Global politics,45
Experimental economics,308
Financial economics,289
Communities Organized for Public Service,23
Inter-Parliamentary Union,165
Christian socialism,542
Revolutionary socialism,210
Interest rate parity,241
Catholic,4934
Billboarding,27
Fanorama,87
White separatism,505
Whirl-Mart,64
Ochlocracy,458
Dykes on Bikes,145
Post-structuralist,747
Market anomaly,47
Currency,2177
TDY,50
Head of state succession,29
Wipeout (elections),84
Robin Hood effect,33
Liberty,1011
Minoritarianism,90
Election monitoring,100
Postal voting,167
Common Purpose UK,412
Polybius,518
Subsistence agriculture,411
Congress of Vienna,1559
Culture,3438
image,1490
Elections,1825
Gerard Toal,23
Cost underestimation,152
Workers' Awaaz,18
Unilateral disarmament,25
Antinaturalism (politics),21
Soviet republic (system of government),34
Antidisestablishmentarianism,2067
Uribism,18
Land reform,701
Norberto Bobbio,127
Economies of scope,105
Ballot access,314
Candidate,209
Plato,4829
International law,669
Chandragupta Maurya,2102
Information science,766
The Denver Principles,160
Christian existentialism,307
Muslim Public Affairs Committee UK,562
Rig-Veda,1596
Postmodern,4383
Shadow Minister,282
Ward Churchill 9_11 essay controversy,0
Hudson Guild,44
Knowledge economy,395
Economic growth,1919
Plutarch,1123
University of Ulster,668
Farband,42
Daniel Mark Siegel,95
Laissez faire,2263
Corporate welfare,305
Psychogeography,642
Philosophical anarchism,159
Mao Zedong,9415
Happiness economics,308
Behavioralism,119
Immigration reduction,385
Absolute monarch,1726
Water fluoridation controversy,1875
New Keynesian economics,246
Jamil Hussein controversy,276
Balance of payments,855
Bank,2775
Collective action,194
Treatment Advocacy Center,277
Absentee ballot,249
Competition law,818
Mission-based organization,51
Eric Hoffer,387
Uneconomic growth,167
German student movement,175
Bullionism,62
Law collective,62
Money multiplier,119
Carnival Against Capitalism,115
Red-baiting,501
Bipartisanship,166
Netherlands,10191
Canal Contemporâneo,25
Radium Girls,350
Value added tax,2387
Macroeconomics,1143
Distribution (business),833
Abstention,180
Youth Pride,250
Samuel Gompers,1335
Animal rights,4734
Pronunciamiento,40
Digital era governance,20
Nonviolence,1219
Sovereign,1578
Buddhism,13892
Golden Liberty,186
Two Treatises of Government,644
Swing vote,92
Klemens von Metternich,1369
Statoid,337
Classical liberals,3014
Interest,1488
Islamic Thinkers Society,318
Localism (politics),357
Executive (government),2166
Coalition for Comprehensive Immigration Reform,19
John Stuart Mill,2041
Whip (politics),626
Cult of personality,2406
Collusion,227
Pro-war,98
Politics (Aristotle),274
Consumption (economics),241
Nominating committee,15
Keep Ireland Open,28
Education reform,888
La Reunion (Dallas),106
Girondins,461
Merger simulation,11
Implied in fact contract,38
Pseudo-secularism,255
International Falcon Movement,39
Value (economics),124
National heritage area,18
Censorship,4621
Risk premium,127
Fiscal conservatism,562
Marginal utility,1016
President-elect,405
Immigration policy,241
NLRB election procedures,49
Neo-populism,66
Roemer Model of Political Competition,29
Liberation News (Internationalist),143
Instructional capital,51
Forms of government,5058
Social democracy,2807
Polish American Congress of Eastern Massachusetts,64
Jurisdiction,409
Separation of powers,3448
Demos (U.S,0
Land (economics),110
Tree pinning,184
Mechanism (sociology),40
Power broker (term),29
Polity,104
Women's suffrage in South Carolina,46
Command and Control (government),28
Financial astrology,248
"Arendt, Hannah",1004
Government Gazette of South Africa,58
Secret ballot,418
Etoy,140
Legislative veto,8
Zikism,14
Judicial activism,1211
Cold War,9248
"Science, Technology, & International Affairs",345
Livy,742
Junta (Habsburg),8
Favourite,289
Carinthian Plebiscite,135
Votebank,119
Outlying territory,70
Profit maximization,341
Market,846
Quasi-market,20
Gini coefficient,1194
International,247
Official language,885
Pollster,875
Politico (newspaper),415
Policy,623
Eco-Communalism,95
Empirical,269
Agrarianism,332
Bolshevik,2334
Election law,92
Socialist law,135
Theocracy,2494
Time-based currency,193
Coercion,595
Women in politics,209
Louis XVIII of France,1203
Political sociology,158
Heterodox economics,492
White nationalism,1837
Capital (economics),501
Delegation,205
Imputation (economics),33
French Fifth Republic,379
Immigration reform,275
Motion of no confidence,493
Nuclear testing,870
Wages,360
Justice at Stake Campaign,32
Thessaloniki bombings of 1903,148
Auction,1161
Positive (social sciences),53
United States public debt,3907
Public participation,83
Prospect theory,219
Glamourbomb,75
Economics terminology that differs from common usage,49
History of fundamentalist Islam in Iran,1167
Gun rights,2440
Productive forces,101
Small-l libertarianism,10503
Defective by Design,169
Fire by Night Organizing Committee,23
New Politics (magazine),69
Islamic,17579
Political socialization,186
Cleavage (politics),68
Scottish Politician of the Year,41
Sultanism,47
World revolution,235
Human geography,1043
Ceteris paribus,292
Kremlinology,116
Public policy,514
Politics by subdivision,84
BCE,3853
Single-issue politics,88
National Priority Projects,34
Lusophilia,69
Sadducees,862
Assembly of the Poor,89
Joint session,30
Health care reform,714
Courtesy resolution,4
Cicero,3601
Marxism-Leninism,1463
Partnership for a Drug-Free America,30
Harvard University,8089
Lerman ratio,6
Agent (economics),107
Mediastrike,35
Cournot competition,227
Biosecurity protocol,17
Human development theory,55
Political theory,1140
PharmFree,8
Voting bloc,56
Reserved political positions,73
China watcher,31
Self-revelation,16
Medical marijuana,5037
Left-wing fascism,123
Averroes,1204
Principles of Economics,64
Pharaonism,47
Cobweb model,189
Perspectives on Capitalism,55
Clergy Letter Project,243
Foreign policy,792
The Experience Economy,117
Public administration,1148
Jean Schmidt,1471
National Alliance on Mental Illness,242
Pro-life,3784
Authoritarianism,1113
Ecotage,134
Muslim Public Affairs Council,116
American Political Science Review,39
Nanoeconomics,37
Congressional Order of Merit,181
Market socialism,363
Lorenz curve,256
Petrocurrency,89
Moral Politics,123
Island province,39
Anti-nationalism,252
Virtue,1621
G,3101
Dual loyalty,146
Idealism in international relations,148
Law and order (politics),157
Complementary good,129
Economic rent,294
Probing amendment,16
Deflation,1394
Biological imperative,74
Market system,142
Richard Carmona,377
Sister Boom-Boom,171
Unicameralism,573
Political authorities,11
Aristotle,7648
Popular Socialism,21
Korean Immigrant Workers Advocates,53
Edgeworth's limit theorem,54
Freedom (political),882
Winston Churchill,8725
Tree spiking,184
Corporate nationalism,66
Full slate,17
Green fleets,16
Russian Procurement,14
Commercial Club of Chicago,29
Job hunting,496
Hedonic regression,115
Efficiency wages,117
Denialism,698
Unemployment,3005
Queeruption,47
Mount Holyoke College,1656
Right-wing politics,5047
International relations theory,376
Class struggle,439
Congress,841
VDARE,569
Arthashastra,545
Taiwan,9211
Hillary Rodham cattle futures controversy,98
Econometrics,709
Unitarisation,40
Sweatshop,2709
Concentration ratio,90
Utility maximization problem,64
Confidence and supply,33
Dirty subsidy,17
Detournement,179
London School of Economics,4071
Minimal effects hypothesis,7
JEL classification codes,515
History of terrorism,2277
England,12855
Julius Caesar,8599
Cultural hegemony,444
Surveillance state,53
Market failure,793
Public property,108
Safe trade,52
Mandate (politics),89
Socialist Studies (1981),17
Debate,2432
Economic graph,12
Eskalera Karakola,30
Third-worldism,98
Price discrimination,569
Informal sector,303
Excess burden of taxation,74
Wealth,1480
Ticket splitters,62
Jean-Jacques Rousseau,4783
Line-item veto,48
Perfect competition,827
Newt Gingrich,4585
Norm Peterson (Australian politician),17
Chinese people,2715
Roots of Resistance,34
Marxian economics,620
Induced demand,91
South End Press,53
Strategic Urban Planning,28
Mayday Mutual Aid Medical Station,24
Monopoly profit,156
Peninsula Peace and Justice Center,24
Industrialisation,1591
Political participation,178
Ideologies of parties,562
Protest,874
Industrial policy,283
Royal Commissions Act 1902,17
Fisher equation,106
Ableism,332
Corporation,2522
Civilian control of the military,207
Executive order (United States),599
Massachusetts Institute of Technology,5343
Conservatism in Colombia,72
Market power,182
International Socialist Organization,904
Think tank,2180
Sound truck,42
Deanie Frazier,33
Music for America,30
Methodological individualism,162
No-cost campaign,8
Political psychology,323
Labour economics,580
Artivist,131
Disinflation,125
Friedman rule,44
Political labels,1076
National Association of Secretaries of State,36
Production function,249
International Year of Microcredit,25
Electoral Reform Society,150
Historical institutionalism,146
Secularism,1338
Samhita,111
Legislature,1556
People's Justice Party (UK),43
Election (1999 film),661
British politics,1666
Anti-Capitalist Convergence,18
Accountancy,3007
Demzilla,27
Right of foreigners to vote,318
High politics,20
Academia,757
Charity shop,352
Malicious compliance,60
Three-cornered-contest,45
Soviet democracy,286
Ministry (government department),123
Natural monopoly,566
Digital object identifier,505
Calculus of voting,29
Utopian socialism,459
Child advocacy 360,7
Takshashila University,986
Anti-incumbency,49
International Action Center,59
International Foundation for Electoral Systems,412
Ricardian equivalence,260
Accounting reform,64
Stagflation,1273
Individual capital,42
Political spectrum,1335
Natural rights,1076
Women of Color Resource Center,18
New Revolutionary Alternative,28
Junge Wilde,43
Imperfect competition,74
Invisible hand,867
Ethical challenges to autism treatment,1340
Taylor rule,253
Clare Boothe Luce Policy Institute,442
Synonyms,964
Jarislowsky chair in Public Sector Management,22
Prague Party Conference,26
Import substitution industrialization,454
Political rights,2964
Money supply,1315
Les Dégonflés,31
Institute for Global Communications,18
Guided Democracy,77
Soviet (council),248
Dichotomy,326
Clandestine Insurgent Rebel Clown Army,101
Economic surplus,230
Indifference curve,459
Opposition (politics),90
Cost overrun,152
Land value tax,1578
Endogenous growth theory,210
Ferdowsi,813
Trial (law),285
Socialist Review (US),32
Free good,76
Wage,360
Metropolitan municipality,50
Bourgeoisie,1728
Movement for a New Society,48
Union Calendar,18
Environmentalism,2322
Philosopher,8388
Pete Stark,905
Stephanie Cutter,208
Bible,7561
Japanese Imperial succession controversy,234
Fantasy Congress,61
Political corruption,2001
Monopsony,295
Goodhart's law,66
Pochvennichestvo,66
Neuroeconomics,340
Industrial Revolution,9956
Party system,223
Voter turnout,923
Sortition,401
New Left,702
Invisible Party,110
Marginal seat,45
Center for Freedom and Prosperity,39
Health care politics,396
Cordón Industrial,25
Refusal to serve in the Israeli military,446
State socialism,186
Behavioral economics,950
Legislative power,1556
National Socialist Program,287
Politico-media complex,788
2007 Georgia helicopter attack incident,51
National Action Party (Mexico),568
Week of Silence,26
Labour law,899
Old Right (United States),300
Settler colonialism,350
Political history,234
Criticisms of socialism,990
Motyl's Theory of the Empire,38
Summer capital,33
West Gosforth,44
Pompidou Group,44
Pacifism,1642
Babels,27
Farley File,43
Real estate economics,184
Chambers of parliament,52
Cartographic aggression,34
Dialectic,1078
Laissez-faire capitalism,2263
Revolutions of 1848,1086
Indophile,104
Governance,506
Robert F,0
Vote counting system,82
Electronic politics,13
Social philosophy,132
Cross elasticity of demand,188
Handover,182
Full-reserve banking,810
Income,551
Wage labour,306
Sinistrisme,36
Open campaign,32
Cyberpolitics,65
Civil Societarian,42
Cherokee freedmen controversy,516
Consumer price index,1030
Green liberalism,71
Human resources,2201
Intertemporal equilibrium,17
Punk ideologies,2220
Voting machine,324
Regime,277
Development economics,470
Fifth power,58
Geopolitics,663
Wealth effect,87
Augustus,5818
Islamic state,168
Psephology,114
Stalinism,1877
Maoism,1632
Outer Continental Shelf,49
Swingometer,92
Local purchasing,100
Event study,53
Stem cell controversy,2616
Parochialism,104
Socialist economics,647
Grapus,61
Activism industry,95
Education,5355
Street protester,42
Redbud Woods controversy,66
Demonstration (people),372
Electoral reform,149
Exit poll,202
Innovation,2100
Great American Boycott,1118
Prussia,2417
Twilight Club,32
NY Salon,43
Signalling (economics),93
Cost push inflation,113
Napoleon Bonaparte,9111
Inge Scholl,54
Public sector,410
Single-party state,968
Economic interventionism,221
Dependent territory,1091
Monopoly,2957
Political economy,800
Consumerism,1294
Proletarian internationalism,288
Missing market,19
Occupation (protest),77
White supremacy,2781
Legal research,565
Democratic empire,46
Electricity market,389
Christian,6201
Systematic ideology,54
Autism Society of America,75
Right wing,5047
Central bank,1195
Strategic planning,1154
National Association of Railroad Passengers,62
Turkey,13609
Partition (politics),78
Legislative,1556
Satiric misspelling,708
War,9658
Ilısu Dam Campaign,65
Fasci Siciliani,211
Three powers of the State,3448
Moral hazard,613
Civil authority,34
Tree sitting,288
NATO expansion,589
Smith College,1146
Downhill Battle,69
Peterloo Massacre,1510
Totalitarian,3279
Barter,1163
Democratic structuring,31
Butskelism,38
Politics,4332
Purchasing power parity,1040
Rise of nationalism in Europe,196
Child advocacy,116
Temporary capital,63
Prime Minister,2445
Kingdom of Sardinia,1065
Alois Buttinger,20
Isoquant,102
Shadow Cabinet,282
Unaffiliated voter,249
Democracy in the Middle East,513
Law making,5691
Drug policy,273
Entrepreneurship,1637
Anti-nuclear movement in Germany,240
Hindutva,1346
Judicial,1003
Tactical politics,50
Karl Marx,9521
Europeans of the Year,12
Religious socialism,41
Global citizens movement,93
Section 28,627
Maximilien Robespierre,3984
Machiavellian,414
Student Activity Fee,50
Religion,7066
Luxemburgism,304
"He who does not work, neither shall he eat",136
Atrocity story,99
Substantive representation,23
Income inequality metrics,339
Ronald Reagan,16641
Left-wing,4185
Family,2528
Anti-work,244
Cooperative,1497
Xenophon,820
Niccolò Machiavelli,5391
Nazi,8500
Time preference,75
Bolivarian Revolution,673
Socialist Legality,135
Democratic World Federalists,57
Post-war consensus,77
National Convention,471
Philosophy,8388
Participatory politics,93
Black Panther Party,5206
Social psychology,1465
Input-output model,243
Positive political theory,36
Internet taxation,112
Labor theory of value,1421
Transparency (humanities),281
Phillips curve,478
Delegate model of representation,29
North America,5841
Hindu nationalism,799
National Security Whistleblowers Coalition,38
Confucius,4515
Racist,11063
Political campaign,700
Vanguard party,118
Revolutionary Knitting Circle,21
Administrative resource,15
Operations research,858
France,12282
Elitism,834
Nuclear-Free Future Award,70
Tyranny,1085
Colonialism,2925
Constitutional dictatorship,42
Free migration,137
Legal origins theory,31
Compensating differential,54
Antimilitarism,187
White-collar worker,476
Radicalization,145
Hung parliament,524
Political symbolism,30
Transfer pricing,432
Public opinion,314
Gregoire Seither,161
Democracy building,24
Contestable market,78
No Border network,94
Haymarket Books,50
Local currency,451
University of Texas at Austin,4754
Hierarchical organization,272
Substitute good,140
Market structure,126
Grassroots Radio Coalition,57
Enclave and exclave,706
Income tax,2010
1965 Yerevan demonstrations,58
Jamahiriya,867
Five-point electoral law,15
Bertrand-Edgeworth model,46
Audre Lorde Project,69
African socialism,138
Legislative violence,167
United Kingdom,19612
Black–Scholes,1623
Burmese Way to Socialism,84
Islamism,3334
Expansionism,217
Clean Clothes Campaign,49
Miscegenation,2961
Haldane principle,35
Ecodefense,54
Laffer curve,1220
TV turnoff,144
Moral high ground,41
Republicanism,1356
Fiscal policy,917
Tripartite classification of authority,85
Consumer sovereignty,107
Big Mac Index,603
Talk About Curing Autism,72
Youth council,93
Parliamentary informatics,224
Modigliani-Miller theorem,368
2006 Franco–Italian–Spanish Middle East Peace Plan,39
Gerschenkron effect,15
Political theology,63
Limit price,37
Socialism of the 21st century,113
Empiricism,1493
Energy economics,278
Refuse and Resist,158
Party platform,250
FireHollywood,128
UK Social Centre Network,169
Leviathan,2105
Production-possibility frontier,544
Herbert Baxter Adams,53
Tax,3758
Peace and conflict studies,529
Strength through Peace,23
Debeaking,166
Parity of esteem,16
Right-wing,5047
Rational pricing,282
Collective responsibility,144
YOYO Economics,26
Roosevelt Institution,249
Diaspora politics,47
Marginal cost,379
Chuch'e,1160
The Internationale,1169
Australia,13546
Roman Republic,4559
The Mountain,83
Constitutionalism,344
Jesus Ledesma Aguilar,42
Income elasticity of demand (YED),76
Chronicle of Higher Education,132
Direct action,721
Constitutional patriotism,50
Transfer payment,145
University of Essex,1293
Paleoconservatism,2512
Sister Roma,314
